League,Season,SeasonStartYear,MatchesPlayed,HomeWins,AwayWins,Draws,AvgHomeGoals,AvgAwayGoals,AvgTotalGoals,HomeWinPct,AwayWinPct,DrawPct,HomeAdvantage_WinPctGap,HomeAdvantage_GoalGap
Bundesliga (Germany),1993/94,1993,306,152,71,83,1.7516339869281046,1.173202614379085,2.9248366013071894,49.67,23.2,27.12,26.47,0.578
Bundesliga (Germany),1994/95,1994,306,147,73,86,1.7647058823529411,1.2352941176470589,3.0,48.04,23.86,28.1,24.18,0.529
Bundesliga (Germany),1995/96,1995,306,123,75,108,1.542483660130719,1.173202614379085,2.715686274509804,40.2,24.51,35.29,15.69,0.369
Bundesliga (Germany),1996/97,1996,306,156,80,70,1.7810457516339868,1.196078431372549,2.977124183006536,50.98,26.14,22.88,24.84,0.585
Bundesliga (Germany),1997/98,1997,306,145,76,85,1.6666666666666667,1.2189542483660132,2.8856209150326797,47.39,24.84,27.78,22.55,0.448
Bundesliga (Germany),1998/99,1998,306,144,75,87,1.6895424836601307,1.1405228758169934,2.8300653594771243,47.06,24.51,28.43,22.55,0.549
Bundesliga (Germany),1999/00,1999,306,143,76,87,1.7124183006535947,1.1797385620915033,2.892156862745098,46.73,24.84,28.43,21.89,0.533
Bundesliga (Germany),2000/01,2000,306,160,77,69,1.7712418300653594,1.1601307189542485,2.9313725490196076,52.29,25.16,22.55,27.13,0.611
Bundesliga (Germany),2001/02,2001,306,160,78,68,1.761437908496732,1.1568627450980393,2.918300653594771,52.29,25.49,22.22,26.8,0.605
Bundesliga (Germany),2002/03,2002,306,144,85,77,1.565359477124183,1.1176470588235294,2.683006535947712,47.06,27.78,25.16,19.28,0.448
Bundesliga (Germany),2003/04,2003,306,160,74,72,1.8071895424836601,1.1633986928104576,2.9705882352941178,52.29,24.18,23.53,28.11,0.644
Bundesliga (Germany),2004/05,2004,306,149,92,65,1.673202614379085,1.2352941176470589,2.9084967320261437,48.69,30.07,21.24,18.62,0.438
Bundesliga (Germany),2005/06,2005,306,131,79,96,1.607843137254902,1.2058823529411764,2.8137254901960786,42.81,25.82,31.37,16.99,0.402
Bundesliga (Germany),2006/07,2006,306,134,93,79,1.4640522875816993,1.2712418300653594,2.735294117647059,43.79,30.39,25.82,13.4,0.193
Bundesliga (Germany),2007/08,2007,306,143,85,78,1.6699346405228759,1.1405228758169934,2.810457516339869,46.73,27.78,25.49,18.95,0.529
Bundesliga (Germany),2008/09,2008,306,147,85,74,1.6993464052287581,1.2222222222222223,2.9215686274509802,48.04,27.78,24.18,20.26,0.477
Bundesliga (Germany),2009/10,2009,306,125,95,86,1.5130718954248366,1.3169934640522876,2.8300653594771243,40.85,31.05,28.1,9.8,0.196
Bundesliga (Germany),2010/11,2010,306,141,102,63,1.6470588235294117,1.2745098039215685,2.9215686274509802,46.08,33.33,20.59,12.75,0.373
Bundesliga (Germany),2011/12,2011,306,139,88,79,1.6601307189542485,1.1993464052287581,2.8594771241830066,45.42,28.76,25.82,16.66,0.461
Bundesliga (Germany),2012/13,2012,306,130,98,78,1.591503267973856,1.3431372549019607,2.934640522875817,42.48,32.03,25.49,10.45,0.248
Bundesliga (Germany),2013/14,2013,306,145,97,64,1.7483660130718954,1.411764705882353,3.1601307189542482,47.39,31.7,20.92,15.69,0.337
Bundesliga (Germany),2014/15,2014,306,145,79,82,1.588235294117647,1.1666666666666667,2.7549019607843137,47.39,25.82,26.8,21.57,0.422
Bundesliga (Germany),2015/16,2015,306,135,100,71,1.565359477124183,1.2647058823529411,2.8300653594771243,44.12,32.68,23.2,11.44,0.301
Bundesliga (Germany),2016/17,2016,306,150,82,74,1.6568627450980393,1.2091503267973855,2.866013071895425,49.02,26.8,24.18,22.22,0.448
Bundesliga (Germany),2017/18,2017,306,139,84,83,1.6013071895424837,1.1928104575163399,2.7941176470588234,45.42,27.45,27.12,17.97,0.408
Bundesliga (Germany),2018/19,2018,306,138,95,73,1.7908496732026145,1.3888888888888888,3.179738562091503,45.1,31.05,23.86,14.05,0.402
Bundesliga (Germany),2019/20,2019,306,123,115,68,1.6601307189542485,1.5490196078431373,3.2091503267973858,40.2,37.58,22.22,2.62,0.111
Bundesliga (Germany),2020/21,2020,306,129,96,81,1.6764705882352942,1.3562091503267975,3.0326797385620914,42.16,31.37,26.47,10.79,0.32
Bundesliga (Germany),2021/22,2021,306,143,90,73,1.761437908496732,1.3562091503267975,3.1176470588235294,46.73,29.41,23.86,17.32,0.405
Bundesliga (Germany),2022/23,2022,306,145,86,75,1.8562091503267975,1.3169934640522876,3.173202614379085,47.39,28.1,24.51,19.29,0.539
Bundesliga (Germany),2023/24,2023,306,134,91,81,1.8071895424836601,1.411764705882353,3.218954248366013,43.79,29.74,26.47,14.05,0.395
Bundesliga (Germany),2024/25,2024,306,118,111,77,1.630718954248366,1.5032679738562091,3.133986928104575,38.56,36.27,25.16,2.29,0.127
Bundesliga (Germany),2025/26,2025,306,134,97,75,1.7777777777777777,1.457516339869281,3.235294117647059,43.79,31.7,24.51,12.09,0.32
La Liga (Spain),1993/94,1993,380,188,86,106,1.5921052631578947,1.0078947368421052,2.6,49.47,22.63,27.89,26.84,0.584
La Liga (Spain),1994/95,1994,380,181,86,113,1.5421052631578946,1.0,2.542105263157895,47.63,22.63,29.74,25.0,0.542
La Liga (Spain),1995/96,1995,462,211,121,130,1.5606060606060606,1.1363636363636365,2.696969696969697,45.67,26.19,28.14,19.48,0.424
La Liga (Spain),1996/97,1996,462,220,123,119,1.647186147186147,1.103896103896104,2.7510822510822512,47.62,26.62,25.76,21.0,0.543
La Liga (Spain),1997/98,1997,380,182,88,110,1.581578947368421,1.0736842105263158,2.655263157894737,47.89,23.16,28.95,24.73,0.508
La Liga (Spain),1998/99,1998,380,191,92,97,1.6105263157894736,1.0289473684210526,2.639473684210526,50.26,24.21,25.53,26.05,0.582
La Liga (Spain),1999/00,1999,380,182,86,112,1.5736842105263158,1.055263157894737,2.6289473684210525,47.89,22.63,29.47,25.26,0.518
La Liga (Spain),2000/01,2000,380,199,82,99,1.768421052631579,1.1131578947368421,2.8815789473684212,52.37,21.58,26.05,30.79,0.655
La Liga (Spain),2001/02,2001,380,186,93,101,1.5026315789473683,1.0263157894736843,2.528947368421053,48.95,24.47,26.58,24.48,0.476
La Liga (Spain),2002/03,2002,380,176,99,105,1.5526315789473684,1.1210526315789473,2.6736842105263157,46.32,26.05,27.63,20.27,0.432
La Liga (Spain),2003/04,2003,380,172,113,95,1.481578947368421,1.1894736842105262,2.6710526315789473,45.26,29.74,25.0,15.52,0.292
La Liga (Spain),2004/05,2004,380,192,88,100,1.5157894736842106,1.063157894736842,2.5789473684210527,50.53,23.16,26.32,27.37,0.453
La Liga (Spain),2005/06,2005,380,162,113,105,1.3657894736842104,1.0973684210526315,2.463157894736842,42.63,29.74,27.63,12.89,0.268
La Liga (Spain),2006/07,2006,380,172,110,98,1.3631578947368421,1.1157894736842104,2.4789473684210526,45.26,28.95,25.79,16.31,0.247
La Liga (Spain),2007/08,2007,380,182,111,87,1.55,1.1368421052631579,2.6868421052631577,47.89,29.21,22.89,18.68,0.413
La Liga (Spain),2008/09,2008,380,184,113,83,1.6605263157894736,1.236842105263158,2.8973684210526316,48.42,29.74,21.84,18.68,0.424
La Liga (Spain),2009/10,2009,380,194,91,95,1.6,1.1131578947368421,2.713157894736842,51.05,23.95,25.0,27.1,0.487
La Liga (Spain),2010/11,2010,380,197,104,79,1.6368421052631579,1.105263157894737,2.7421052631578946,51.84,27.37,20.79,24.47,0.532
La Liga (Spain),2011/12,2011,380,188,98,94,1.6789473684210525,1.0842105263157895,2.763157894736842,49.47,25.79,24.74,23.68,0.595
La Liga (Spain),2012/13,2012,380,189,107,84,1.686842105263158,1.1842105263157894,2.8710526315789475,49.74,28.16,22.11,21.58,0.503
La Liga (Spain),2013/14,2013,380,179,115,86,1.631578947368421,1.118421052631579,2.75,47.11,30.26,22.63,16.85,0.513
La Liga (Spain),2014/15,2014,380,171,118,91,1.5368421052631578,1.118421052631579,2.655263157894737,45.0,31.05,23.95,13.95,0.418
La Liga (Spain),2015/16,2015,380,183,105,92,1.618421052631579,1.1263157894736842,2.7447368421052634,48.16,27.63,24.21,20.53,0.492
La Liga (Spain),2016/17,2016,380,181,110,89,1.6631578947368422,1.2789473684210526,2.942105263157895,47.63,28.95,23.42,18.68,0.384
La Liga (Spain),2017/18,2017,380,179,115,86,1.5473684210526315,1.1473684210526316,2.694736842105263,47.11,30.26,22.63,16.85,0.4
La Liga (Spain),2018/19,2018,380,168,102,110,1.4526315789473685,1.1342105263157896,2.586842105263158,44.21,26.84,28.95,17.37,0.318
La Liga (Spain),2019/20,2019,380,174,101,105,1.436842105263158,1.0421052631578946,2.4789473684210526,45.79,26.58,27.63,19.21,0.395
La Liga (Spain),2020/21,2020,380,158,113,109,1.368421052631579,1.1394736842105264,2.5078947368421054,41.58,29.74,28.68,11.84,0.229
La Liga (Spain),2021/22,2021,380,165,104,111,1.4210526315789473,1.081578947368421,2.5026315789473683,43.42,27.37,29.21,16.05,0.339
La Liga (Spain),2022/23,2022,380,182,109,89,1.4552631578947368,1.0578947368421052,2.513157894736842,47.89,28.68,23.42,19.21,0.397
La Liga (Spain),2023/24,2023,380,167,106,107,1.4842105263157894,1.1605263157894736,2.6447368421052633,43.95,27.89,28.16,16.06,0.324
La Liga (Spain),2024/25,2024,380,169,114,97,1.4526315789473685,1.1657894736842105,2.6184210526315788,44.47,30.0,25.53,14.47,0.287
La Liga (Spain),2025/26,2025,380,186,101,93,1.5736842105263158,1.1210526315789473,2.694736842105263,48.95,26.58,24.47,22.37,0.453
Ligue 1 (France),1993/94,1993,380,190,66,124,1.4236842105263159,0.8131578947368421,2.236842105263158,50.0,17.37,32.63,32.63,0.611
Ligue 1 (France),1994/95,1994,380,196,75,109,1.5921052631578947,0.9157894736842105,2.5078947368421054,51.58,19.74,28.68,31.84,0.676
Ligue 1 (France),1995/96,1995,380,191,74,115,1.436842105263158,0.8447368421052631,2.281578947368421,50.26,19.47,30.26,30.79,0.592
Ligue 1 (France),1996/97,1996,380,177,87,116,1.4421052631578948,0.8842105263157894,2.3263157894736843,46.58,22.89,30.53,23.69,0.558
Ligue 1 (France),1997/98,1997,306,152,77,77,1.4509803921568627,0.9084967320261438,2.3594771241830066,49.67,25.16,25.16,24.51,0.542
Ligue 1 (France),1998/99,1998,306,152,65,89,1.4836601307189543,0.8790849673202614,2.3627450980392157,49.67,21.24,29.08,28.43,0.605
Ligue 1 (France),1999/00,1999,306,160,66,80,1.6045751633986929,0.9673202614379085,2.5718954248366015,52.29,21.57,26.14,30.72,0.637
Ligue 1 (France),2000/01,2000,306,150,72,84,1.4509803921568627,1.0555555555555556,2.5065359477124183,49.02,23.53,27.45,25.49,0.395
Ligue 1 (France),2001/02,2001,306,159,61,86,1.5163398692810457,0.8235294117647058,2.3398692810457518,51.96,19.93,28.1,32.03,0.693
Ligue 1 (France),2002/03,2002,380,186,88,106,1.3447368421052632,0.8578947368421053,2.2026315789473685,48.95,23.16,27.89,25.79,0.487
Ligue 1 (France),2003/04,2003,380,185,96,99,1.4052631578947368,0.9210526315789473,2.3263157894736843,48.68,25.26,26.05,23.42,0.484
Ligue 1 (France),2004/05,2004,380,177,71,132,1.3473684210526315,0.8263157894736842,2.1736842105263157,46.58,18.68,34.74,27.9,0.521
Ligue 1 (France),2005/06,2005,380,170,92,118,1.2763157894736843,0.8578947368421053,2.1342105263157896,44.74,24.21,31.05,20.53,0.418
Ligue 1 (France),2006/07,2006,380,181,82,117,1.318421052631579,0.9315789473684211,2.25,47.63,21.58,30.79,26.05,0.387
Ligue 1 (France),2007/08,2007,380,167,97,116,1.3473684210526315,0.9368421052631579,2.2842105263157895,43.95,25.53,30.53,18.42,0.411
Ligue 1 (France),2008/09,2008,380,165,103,112,1.2868421052631578,0.9710526315789474,2.2578947368421054,43.42,27.11,29.47,16.31,0.316
Ligue 1 (France),2009/10,2009,380,179,104,97,1.3894736842105264,1.0210526315789474,2.4105263157894736,47.11,27.37,25.53,19.74,0.368
Ligue 1 (France),2010/11,2010,380,157,93,130,1.3421052631578947,1.0,2.3421052631578947,41.32,24.47,34.21,16.85,0.342
Ligue 1 (France),2011/12,2011,380,179,93,108,1.4736842105263157,1.0421052631578946,2.5157894736842104,47.11,24.47,28.42,22.64,0.432
Ligue 1 (France),2012/13,2012,380,170,102,108,1.4684210526315788,1.0763157894736841,2.544736842105263,44.74,26.84,28.42,17.9,0.392
Ligue 1 (France),2013/14,2013,380,168,104,108,1.4157894736842105,1.0394736842105263,2.455263157894737,44.21,27.37,28.42,16.84,0.376
Ligue 1 (France),2014/15,2014,380,181,111,88,1.4105263157894736,1.081578947368421,2.4921052631578946,47.63,29.21,23.16,18.42,0.329
Ligue 1 (France),2015/16,2015,380,160,112,108,1.436842105263158,1.0894736842105264,2.526315789473684,42.11,29.47,28.42,12.64,0.347
Ligue 1 (France),2016/17,2016,380,186,100,94,1.5473684210526315,1.068421052631579,2.6157894736842104,48.95,26.32,24.74,22.63,0.479
Ligue 1 (France),2017/18,2017,380,173,111,96,1.5289473684210526,1.1894736842105262,2.718421052631579,45.53,29.21,25.26,16.32,0.339
Ligue 1 (France),2018/19,2018,380,164,106,110,1.4710526315789474,1.0868421052631578,2.557894736842105,43.16,27.89,28.95,15.27,0.384
Ligue 1 (France),2019/20,2019,279,134,75,70,1.4946236559139785,1.028673835125448,2.5232974910394264,48.03,26.88,25.09,21.15,0.466
Ligue 1 (France),2020/21,2020,380,142,143,95,1.3973684210526316,1.3631578947368421,2.7605263157894737,37.37,37.63,25.0,-0.26,0.034
Ligue 1 (France),2021/22,2021,380,162,116,102,1.581578947368421,1.2263157894736842,2.807894736842105,42.63,30.53,26.84,12.1,0.355
Ligue 1 (France),2022/23,2022,380,163,125,92,1.4894736842105263,1.318421052631579,2.807894736842105,42.89,32.89,24.21,10.0,0.171
Ligue 1 (France),2023/24,2023,306,120,105,81,1.4477124183006536,1.2516339869281046,2.6993464052287583,39.22,34.31,26.47,4.91,0.196
Ligue 1 (France),2024/25,2024,306,143,101,62,1.607843137254902,1.369281045751634,2.977124183006536,46.73,33.01,20.26,13.72,0.239
Ligue 1 (France),2025/26,2025,306,141,90,75,1.5816993464052287,1.238562091503268,2.820261437908497,46.08,29.41,24.51,16.67,0.343
Premier League (England),1993/94,1993,462,192,128,142,1.4350649350649352,1.1515151515151516,2.5865800865800868,41.56,27.71,30.74,13.85,0.284
Premier League (England),1994/95,1994,462,205,123,134,1.5086580086580086,1.077922077922078,2.5865800865800868,44.37,26.62,29.0,17.75,0.431
Premier League (England),1995/96,1995,380,186,96,98,1.5263157894736843,1.0736842105263158,2.6,48.95,25.26,25.79,23.69,0.453
Premier League (England),1996/97,1996,380,162,99,119,1.4710526315789474,1.081578947368421,2.5526315789473686,42.63,26.05,31.32,16.58,0.389
Premier League (England),1997/98,1997,380,184,101,95,1.5578947368421052,1.1236842105263158,2.681578947368421,48.42,26.58,25.0,21.84,0.434
Premier League (England),1998/99,1998,380,169,96,115,1.4552631578947368,1.068421052631579,2.5236842105263158,44.47,25.26,30.26,19.21,0.387
Premier League (England),1999/00,1999,380,187,101,92,1.6710526315789473,1.118421052631579,2.789473684210526,49.21,26.58,24.21,22.63,0.553
Premier League (England),2000/01,2000,380,184,95,101,1.5447368421052632,1.0657894736842106,2.610526315789474,48.42,25.0,26.58,23.42,0.479
Premier League (England),2001/02,2001,380,165,114,101,1.4657894736842105,1.168421052631579,2.6342105263157896,43.42,30.0,26.58,13.42,0.297
Premier League (England),2002/03,2002,380,187,103,90,1.5,1.131578947368421,2.6315789473684212,49.21,27.11,23.68,22.1,0.368
Premier League (England),2003/04,2003,380,167,105,108,1.5052631578947369,1.1578947368421053,2.663157894736842,43.95,27.63,28.42,16.32,0.347
Premier League (England),2004/05,2004,380,173,97,110,1.5,1.0657894736842106,2.5657894736842106,45.53,25.53,28.95,20.0,0.434
Premier League (England),2005/06,2005,380,192,111,77,1.4605263157894737,1.0236842105263158,2.4842105263157896,50.53,29.21,20.26,21.32,0.437
Premier League (England),2006/07,2006,380,182,100,98,1.4526315789473685,0.9973684210526316,2.45,47.89,26.32,25.79,21.57,0.455
Premier League (England),2007/08,2007,380,176,104,100,1.5289473684210526,1.1078947368421053,2.636842105263158,46.32,27.37,26.32,18.95,0.421
Premier League (England),2008/09,2008,380,173,110,97,1.4,1.0789473684210527,2.4789473684210526,45.53,28.95,25.53,16.58,0.321
Premier League (England),2009/10,2009,380,193,91,96,1.6973684210526316,1.0736842105263158,2.7710526315789474,50.79,23.95,25.26,26.84,0.624
Premier League (England),2010/11,2010,380,179,90,111,1.6236842105263158,1.1736842105263159,2.7973684210526315,47.11,23.68,29.21,23.43,0.45
Premier League (England),2011/12,2011,380,171,116,93,1.5894736842105264,1.2157894736842105,2.805263157894737,45.0,30.53,24.47,14.47,0.374
Premier League (England),2012/13,2012,380,166,106,108,1.5578947368421052,1.2394736842105263,2.7973684210526315,43.68,27.89,28.42,15.79,0.318
Premier League (England),2013/14,2013,380,179,123,78,1.5736842105263158,1.194736842105263,2.768421052631579,47.11,32.37,20.53,14.74,0.379
Premier League (England),2014/15,2014,380,172,115,93,1.4736842105263157,1.0921052631578947,2.5657894736842106,45.26,30.26,24.47,15.0,0.382
Premier League (England),2015/16,2015,380,157,116,107,1.4921052631578948,1.2078947368421054,2.7,41.32,30.53,28.16,10.79,0.284
Premier League (England),2016/17,2016,380,187,109,84,1.5973684210526315,1.2026315789473685,2.8,49.21,28.68,22.11,20.53,0.395
Premier League (England),2017/18,2017,380,173,108,99,1.5315789473684212,1.1473684210526316,2.6789473684210527,45.53,28.42,26.05,17.11,0.384
Premier League (England),2018/19,2018,380,181,128,71,1.568421052631579,1.2526315789473683,2.8210526315789473,47.63,33.68,18.68,13.95,0.316
Premier League (England),2019/20,2019,380,172,116,92,1.5157894736842106,1.2052631578947368,2.721052631578947,45.26,30.53,24.21,14.73,0.311
Premier League (England),2020/21,2020,380,144,153,83,1.3526315789473684,1.3421052631578947,2.694736842105263,37.89,40.26,21.84,-2.37,0.011
Premier League (England),2021/22,2021,380,163,129,88,1.513157894736842,1.305263157894737,2.818421052631579,42.89,33.95,23.16,8.94,0.208
Premier League (England),2022/23,2022,380,184,109,87,1.6342105263157896,1.2184210526315788,2.8526315789473684,48.42,28.68,22.89,19.74,0.416
Premier League (England),2023/24,2023,380,175,123,82,1.8,1.4789473684210526,3.278947368421053,46.05,32.37,21.58,13.68,0.321
Premier League (England),2024/25,2024,380,155,132,93,1.513157894736842,1.4210526315789473,2.9342105263157894,40.79,34.74,24.47,6.05,0.092
Premier League (England),2025/26,2025,380,162,114,104,1.5263157894736843,1.2236842105263157,2.75,42.63,30.0,27.37,12.63,0.303
Serie A (Italy),1993/94,1993,306,141,61,104,1.4836601307189543,0.9379084967320261,2.4215686274509802,46.08,19.93,33.99,26.15,0.546
Serie A (Italy),1994/95,1994,306,158,71,77,1.5686274509803921,0.9575163398692811,2.526143790849673,51.63,23.2,25.16,28.43,0.611
Serie A (Italy),1995/96,1995,306,164,62,80,1.6601307189542485,0.9705882352941176,2.630718954248366,53.59,20.26,26.14,33.33,0.69
Serie A (Italy),1996/97,1996,306,143,61,102,1.5751633986928104,1.065359477124183,2.6405228758169934,46.73,19.93,33.33,26.8,0.51
Serie A (Italy),1997/98,1997,306,140,79,87,1.6176470588235294,1.1503267973856208,2.7679738562091503,45.75,25.82,28.43,19.93,0.467
Serie A (Italy),1998/99,1998,306,168,57,81,1.7287581699346406,1.0326797385620916,2.761437908496732,54.9,18.63,26.47,36.27,0.696
Serie A (Italy),1999/00,1999,306,148,64,94,1.5098039215686274,0.9869281045751634,2.496732026143791,48.37,20.92,30.72,27.45,0.523
Serie A (Italy),2000/01,2000,306,143,75,88,1.5686274509803921,1.1928104575163399,2.761437908496732,46.73,24.51,28.76,22.22,0.376
Serie A (Italy),2001/02,2001,306,140,79,87,1.5294117647058822,1.1045751633986929,2.633986928104575,45.75,25.82,28.43,19.93,0.425
Serie A (Italy),2002/03,2002,306,143,71,92,1.4967320261437909,1.0816993464052287,2.5784313725490198,46.73,23.2,30.07,23.53,0.415
Serie A (Italy),2003/04,2003,306,132,84,90,1.526143790849673,1.1405228758169934,2.6666666666666665,43.14,27.45,29.41,15.69,0.386
Serie A (Italy),2004/05,2004,380,166,89,125,1.444736842105263,1.081578947368421,2.526315789473684,43.68,23.42,32.89,20.26,0.363
Serie A (Italy),2005/06,2005,380,176,96,108,1.4921052631578948,1.1157894736842104,2.607894736842105,46.32,25.26,28.42,21.06,0.376
Serie A (Italy),2006/07,2006,380,173,93,114,1.4894736842105263,1.0605263157894738,2.55,45.53,24.47,30.0,21.06,0.429
Serie A (Italy),2007/08,2007,380,175,93,112,1.4921052631578948,1.0605263157894738,2.5526315789473686,46.05,24.47,29.47,21.58,0.432
Serie A (Italy),2008/09,2008,380,192,93,95,1.5210526315789474,1.0789473684210527,2.6,50.53,24.47,25.0,26.06,0.442
Serie A (Italy),2009/10,2009,380,186,92,102,1.5421052631578946,1.068421052631579,2.610526315789474,48.95,24.21,26.84,24.74,0.474
Serie A (Italy),2010/11,2010,380,179,104,97,1.431578947368421,1.081578947368421,2.513157894736842,47.11,27.37,25.53,19.74,0.35
Serie A (Italy),2011/12,2011,380,173,96,111,1.4973684210526317,1.0605263157894738,2.557894736842105,45.53,25.26,29.21,20.27,0.437
Serie A (Italy),2012/13,2012,380,177,107,96,1.4947368421052631,1.144736842105263,2.639473684210526,46.58,28.16,25.26,18.42,0.35
Serie A (Italy),2013/14,2013,380,181,109,90,1.5368421052631578,1.186842105263158,2.723684210526316,47.63,28.68,23.68,18.95,0.35
Serie A (Italy),2014/15,2014,380,152,108,120,1.5,1.194736842105263,2.694736842105263,40.0,28.42,31.58,11.58,0.305
Serie A (Italy),2015/16,2015,380,175,110,95,1.4710526315789474,1.105263157894737,2.5763157894736843,46.05,28.95,25.0,17.1,0.366
Serie A (Italy),2016/17,2016,380,184,116,80,1.6605263157894736,1.2947368421052632,2.955263157894737,48.42,30.53,21.05,17.89,0.366
Serie A (Italy),2017/18,2017,380,164,133,83,1.4552631578947368,1.2210526315789474,2.6763157894736844,43.16,35.0,21.84,8.16,0.234
Serie A (Italy),2018/19,2018,380,166,106,108,1.4842105263157894,1.1973684210526316,2.681578947368421,43.68,27.89,28.42,15.79,0.287
Serie A (Italy),2019/20,2019,380,158,137,85,1.6210526315789473,1.4157894736842105,3.036842105263158,41.58,36.05,22.37,5.53,0.205
Serie A (Italy),2020/21,2020,380,155,128,97,1.6263157894736842,1.4263157894736842,3.0526315789473686,40.79,33.68,25.53,7.11,0.2
Serie A (Italy),2021/22,2021,380,148,134,98,1.5026315789473683,1.3631578947368421,2.8657894736842104,38.95,35.26,25.79,3.69,0.139
Serie A (Italy),2022/23,2022,380,161,119,100,1.4131578947368422,1.15,2.5631578947368423,42.37,31.32,26.32,11.05,0.263
Serie A (Italy),2023/24,2023,380,159,109,112,1.4342105263157894,1.1763157894736842,2.610526315789474,41.84,28.68,29.47,13.16,0.258
Serie A (Italy),2024/25,2024,380,151,121,108,1.3394736842105264,1.2210526315789474,2.5605263157894735,39.74,31.84,28.42,7.9,0.118
Serie A (Italy),2025/26,2025,380,148,133,99,1.2763157894736843,1.15,2.4263157894736844,38.95,35.0,26.05,3.95,0.126
